match_id,patch,team_a_top,team_a_jg,team_a_mid,team_a_adc,team_a_sup,team_b_top,team_b_jg,team_b_mid,team_b_adc,team_b_sup,team_a_win
NA1_5509711544,16.5,Ambessa,XinZhao,Malphite,Jhin,Xerath,Vayne,Ekko,Sylas,Caitlyn,Nami,1
NA1_5507119754,16.5,Aatrox,Ambessa,Ryze,MissFortune,FiddleSticks,Orianna,Lillia,Quinn,Jhin,Bard,0
NA1_5511004952,16.5,KSante,MonkeyKing,Ahri,Lucian,Alistar,Zaahen,JarvanIV,Vex,Hwei,Nami,0
NA1_5510718566,16.5,Ornn,Vayne,Mel,Kaisa,Nami,Urgot,Sylas,Chogath,Sett,Senna,1
NA1_5509138879,16.5,Darius,Nocturne,Yone,Kaisa,Bard,Jax,LeeSin,Aurora,Smolder,Braum,1
NA1_5509111964,16.5,Gwen,MasterYi,Irelia,Smolder,Karma,Singed,Elise,Zed,Lucian,Bard,0
NA1_5510954384,16.5,Sett,Ivern,Ahri,Jinx,Karma,Yone,Elise,Sylas,Zeri,Pyke,1
NA1_5506199419,16.5,Gnar,Shen,Sett,Ziggs,Alistar,Quinn,Shaco,Sylas,Yasuo,Janna,1
NA1_5510940272,16.5,Jayce,Nocturne,Riven,Seraphine,Rakan,Renekton,Kindred,Ahri,Xayah,Janna,1
NA1_5509745814,16.5,Sett,Shaco,Yasuo,Ashe,Velkoz,Volibear,Viego,Jayce,KogMaw,Lulu,0
NA1_5510964055,16.5,Trundle,Khazix,Ekko,Corki,Nautilus,Varus,Zyra,Vladimir,Vayne,Blitzcrank,0
NA1_5506708018,16.5,Garen,Brand,Lux,Jinx,Maokai,Riven,MonkeyKing,Sylas,Yunara,Nami,0
NA1_5506135361,16.5,Aatrox,Sylas,Annie,Jhin,JarvanIV,KSante,Khazix,Lissandra,Tristana,Rakan,1
NA1_5506653262,16.5,Jayce,MonkeyKing,Zilean,Lucian,Milio,Olaf,Udyr,Ryze,Jinx,Alistar,1
NA1_5506097547,16.5,Ambessa,Belveth,Sylas,Veigar,Nautilus,Aurora,RekSai,Illaoi,Ezreal,Rakan,1
NA1_5508849954,16.5,Ambessa,Shaco,Veigar,Yunara,Thresh,Shen,Ivern,Zed,Smolder,Neeko,0
NA1_5506006686,16.5,Garen,Nocturne,Swain,Velkoz,Leona,Ryze,Zaahen,AurelionSol,Caitlyn,Pyke,0
NA1_5509380660,16.5,Kled,Kayn,Yone,Mel,Janna,Varus,Nocturne,Taliyah,Kaisa,Leona,1
NA1_5506127934,16.5,Renekton,RekSai,Aurora,Draven,Thresh,Vex,Ekko,Yasuo,Caitlyn,Zyra,1
NA1_5510997931,16.5,Fiora,Nunu,AurelionSol,Lucian,Sona,KSante,JarvanIV,Lux,Kaisa,Bard,0
NA1_5506230001,16.5,Kennen,Naafiri,Veigar,Smolder,Chogath,XinZhao,Kayn,Lux,Xayah,Bard,0
NA1_5508673708,16.5,Kled,Chogath,Ekko,Smolder,Rakan,Malphite,Kayn,Orianna,Ashe,Brand,0
NA1_5507397004,16.5,Fiora,XinZhao,Azir,Ezreal,Seraphine,Sion,Brand,Zed,Sivir,Nautilus,1
NA1_5506784529,16.5,Gnar,Volibear,Renekton,Ezreal,Bard,KSante,Kayn,Fizz,Lucian,Blitzcrank,0
NA1_5507480074,16.5,Garen,Teemo,Kayle,Yunara,Lulu,Vladimir,Ambessa,Malzahar,Twitch,Taric,0
NA1_5509634963,16.5,Fizz,RekSai,Talon,Veigar,Leona,Mordekaiser,Rengar,Nasus,Lucian,Yuumi,1
NA1_5511232802,16.5,Singed,Ekko,Cassiopeia,Twitch,Yuumi,Vayne,Zac,Vladimir,Ezreal,Karma,1
NA1_5505626671,16.5,Garen,Karthus,Yasuo,Varus,Nautilus,Gnar,Kayn,Ahri,Jinx,Seraphine,0
NA1_5511631501,16.5,DrMundo,Hecarim,Zoe,Kaisa,Soraka,Kindred,Rammus,Sion,Aphelios,Nidalee,1
NA1_5510352333,16.5,Quinn,Graves,Anivia,Seraphine,TahmKench,Sett,DrMundo,Ryze,Jinx,Zilean,1
NA1_5510991575,16.5,Yorick,JarvanIV,Ryze,Kalista,Sona,Zaahen,Graves,Anivia,Ezreal,Nami,0
NA1_5511083373,16.5,Singed,LeeSin,Kennen,Caitlyn,Morgana,Sylas,Zeri,Syndra,Jinx,Soraka,1
NA1_5505654784,16.5,Yorick,Volibear,Zed,Caitlyn,Leona,Zaahen,Ekko,Yasuo,Yunara,Bard,1
NA1_5509633058,16.5,Sejuani,MonkeyKing,Mel,Aphelios,Lulu,Singed,Naafiri,Kled,Lucian,Nami,1
NA1_5505591719,16.5,Ornn,Viego,Kassadin,Jinx,Braum,Yasuo,Nunu,Kayle,Kaisa,Pyke,1
NA1_5511191375,16.5,Mordekaiser,MonkeyKing,Sylas,Caitlyn,Janna,Rumble,Belveth,Mel,Sivir,Blitzcrank,0
NA1_5511382287,16.5,Darius,Zac,Ahri,Zeri,Yuumi,Gnar,MasterYi,Fizz,Udyr,Velkoz,0
NA1_5510413327,16.5,Corki,DrMundo,Sylas,MissFortune,Karma,Riven,LeeSin,Neeko,Ezreal,Alistar,0
NA1_5508112959,16.5,FiddleSticks,Malphite,Vi,Lucian,Karma,Rumble,Viego,Orianna,Yasuo,Sylas,0
NA1_5507192082,16.5,Singed,Ambessa,Swain,Corki,Nami,Zaahen,Shaco,Yasuo,Kaisa,Neeko,0
NA1_5507577717,16.5,Gwen,Jayce,Annie,Jinx,Senna,Ornn,LeeSin,Vex,KogMaw,Nami,0
NA1_5510338650,16.5,Shen,Viego,Viktor,Jinx,Nami,Zaahen,Volibear,Naafiri,Jhin,Swain,0
NA1_5509797561,16.5,Malphite,LeeSin,Irelia,Smolder,Nami,Sion,Diana,Lux,Caitlyn,Thresh,0
NA1_5511319501,16.5,Cassiopeia,MasterYi,Taliyah,Tristana,Taric,KogMaw,Nunu,Viktor,Kalista,Blitzcrank,0
NA1_5506114939,16.5,Nasus,RekSai,Mel,Tristana,Yuumi,Ornn,MasterYi,Ryze,Ezreal,Rakan,0
NA1_5510732903,16.5,Nasus,Viego,Annie,Vladimir,Thresh,Ornn,Ambessa,Taliyah,Jinx,Renata,0
NA1_5511617757,16.5,Ambessa,Evelynn,Katarina,Naafiri,Nami,Vi,Udyr,Yone,Jinx,Blitzcrank,0
NA1_5509859936,16.5,Cassiopeia,LeeSin,Katarina,Smolder,Elise,Rumble,Nocturne,Veigar,Ezreal,Sona,1
NA1_5510758518,16.5,Irelia,Viego,KogMaw,Aphelios,Thresh,Vayne,Amumu,Vladimir,Jinx,Milio,0
NA1_5509197152,16.5,Irelia,Vi,Xerath,Kaisa,Senna,Yone,XinZhao,Ahri,Ezreal,Pyke,1
NA1_5511013549,16.5,Malphite,Kindred,Vladimir,Corki,Alistar,Sylas,Evelynn,Qiyana,Lucian,Karma,1
NA1_5510451620,16.5,Nasus,DrMundo,Orianna,Jhin,Maokai,Ornn,Nocturne,Sylas,Zeri,Seraphine,0
NA1_5507028352,16.5,Ezreal,Jayce,Ryze,Draven,FiddleSticks,Varus,Qiyana,Mel,Corki,Senna,0
NA1_5509446134,16.5,Renekton,Graves,Ahri,Smolder,Morgana,Vayne,LeeSin,Neeko,Varus,Leona,1
NA1_5510982440,16.5,Chogath,Talon,Malzahar,Draven,Nami,Vayne,Viego,TwistedFate,Jhin,Bard,0
NA1_5506530979,16.5,Aatrox,Amumu,Sylas,Yunara,Braum,Rumble,Viego,Xerath,Aphelios,Alistar,0
NA1_5510352119,16.5,Darius,Zaahen,Aurora,Jhin,Lux,Jayce,Qiyana,Zoe,Ezreal,Thresh,1
NA1_5509174023,16.5,Mordekaiser,Viego,Orianna,Draven,Seraphine,Renekton,LeeSin,Zac,Samira,Rakan,1
NA1_5511630371,16.5,Camille,Shyvana,Kassadin,Yunara,Nautilus,Jayce,XinZhao,Zoe,Ezreal,Zilean,1
NA1_5511629226,16.5,Aatrox,Karthus,Naafiri,Kaisa,Rell,Kayle,Udyr,Mel,Xayah,Senna,1
NA1_5507876073,16.5,Ambessa,FiddleSticks,Caitlyn,MissFortune,TahmKench,Irelia,Rengar,Xerath,Corki,Alistar,1
NA1_5507710182,16.5,Renekton,Rammus,Yone,Swain,Alistar,Vayne,Graves,Viktor,Ezreal,Rell,0
NA1_5511267002,16.5,Naafiri,Zyra,TwistedFate,Draven,Milio,Ornn,Malphite,Ambessa,Aphelios,Zilean,0
NA1_5510738208,16.5,Garen,RekSai,Ahri,Karthus,Pyke,Riven,DrMundo,Chogath,Tristana,Lulu,1
NA1_5511501627,16.5,Akali,MasterYi,FiddleSticks,Aphelios,Velkoz,Ambessa,Graves,Zac,KogMaw,Sona,1
NA1_5505931207,16.5,Malzahar,LeeSin,Sylas,Caitlyn,Morgana,Mordekaiser,Nocturne,Orianna,Senna,Bard,1
NA1_5510747592,16.5,Ambessa,Graves,Neeko,Lucian,Milio,Volibear,Zaahen,Swain,Corki,Nami,1
NA1_5511031431,16.5,Chogath,Diana,Lissandra,Sett,Senna,Poppy,Teemo,Leblanc,Ezreal,Xerath,0
NA1_5509004721,16.5,Fiora,Sylas,Teemo,Vladimir,Yuumi,Sejuani,Yasuo,Ahri,Ezreal,Nami,1
NA1_5506678216,16.5,Darius,Trundle,Sylas,Mel,Sona,Riven,MonkeyKing,Malzahar,Swain,Senna,0
NA1_5510952935,16.5,Gnar,Taliyah,Naafiri,Ezreal,Neeko,Jayce,Talon,Ornn,Veigar,Karma,0
NA1_5508981617,16.5,Fiora,Diana,Aurora,Tristana,Lulu,Ornn,Graves,Anivia,Yunara,Sona,0
NA1_5511017356,16.5,Illaoi,RekSai,Fizz,Tryndamere,Sona,TahmKench,Graves,Anivia,Karthus,Nami,1
NA1_5508364589,16.5,Riven,Diana,Jayce,Ashe,Aphelios,Vayne,Rengar,Kassadin,Kaisa,Nautilus,0
NA1_5508033132,16.5,Shen,Shaco,Akali,Aphelios,Leona,Yone,FiddleSticks,Fizz,Yunara,Malphite,1
NA1_5509314227,16.5,Akali,Vi,Ryze,Xayah,Renata,Kled,Kindred,Orianna,Ezreal,Heimerdinger,0
NA1_5508591333,16.5,Jax,Nidalee,Zed,Corki,Nami,Malphite,Sejuani,Irelia,Smolder,Bard,0
NA1_5508881209,16.5,Illaoi,Ambessa,Zed,Veigar,Nautilus,Jax,Graves,Lissandra,Samira,Swain,0
NA1_5507584516,16.5,Jax,MasterYi,Akali,Velkoz,Renata,Yone,JarvanIV,Lux,Caitlyn,Nautilus,1
NA1_5509165884,16.5,Fiora,Shen,Mel,Yunara,Lulu,Gangplank,Gwen,Yasuo,Ashe,Nautilus,1
NA1_5510277024,16.5,Riven,LeeSin,Vex,Sivir,Lux,Vladimir,Vi,Galio,Jinx,Yuumi,0
NA1_5509011380,16.5,Garen,Udyr,Malzahar,Swain,Thresh,Yasuo,Khazix,Zoe,Vladimir,Yuumi,1
NA1_5509671206,16.5,DrMundo,LeeSin,Sylas,Sivir,Ekko,Sejuani,Graves,Neeko,Smolder,Thresh,1
NA1_5509020811,16.5,Akali,Kindred,Leblanc,Vladimir,Yuumi,Yorick,Udyr,Zoe,Jinx,Sona,0
NA1_5509400575,16.5,Fiora,Shaco,Katarina,Velkoz,Janna,Shen,Taliyah,Xerath,Draven,Pyke,1
NA1_5509746270,16.5,Gangplank,Nunu,Sylas,Corki,Leona,Yorick,Diana,Jayce,Ezreal,Blitzcrank,1
NA1_5509269502,16.5,Aatrox,Graves,Diana,Yunara,Karma,DrMundo,FiddleSticks,Lux,Smolder,Nami,1
NA1_5506763578,16.5,Irelia,Hecarim,Seraphine,Yunara,Zilean,Riven,Zaahen,Syndra,Kaisa,Blitzcrank,1
NA1_5510991058,16.5,Jayce,Hecarim,KogMaw,Udyr,Morgana,Yasuo,MasterYi,Ahri,Corki,Leona,0
NA1_5509050478,16.5,Chogath,Talon,Irelia,Twitch,Anivia,Jax,Malphite,Syndra,Smolder,Senna,0
NA1_5511367135,16.5,Gragas,Vi,Katarina,Sivir,Brand,Sett,Talon,Ahri,Smolder,Yuumi,1
NA1_5510005484,16.5,Camille,Warwick,Nasus,Sett,Senna,Gangplank,Rumble,Viktor,Ezreal,Nami,1
NA1_5511095031,16.5,Camille,Rengar,Lissandra,Jinx,Thresh,Mordekaiser,XinZhao,Diana,Nilah,Yuumi,1
NA1_5506431761,16.5,Urgot,FiddleSticks,Irelia,Mel,Seraphine,Yone,Amumu,Xerath,Kaisa,Nautilus,1
NA1_5510665313,16.5,Renekton,Kayn,Fizz,Xayah,Zilean,Varus,Nocturne,Leblanc,Tristana,Nami,1
NA1_5509180971,16.5,Camille,Talon,Syndra,Ezreal,Bard,Garen,Graves,Ryze,Smolder,Nautilus,1
NA1_5511170463,16.5,Kayle,Graves,Ryze,Jinx,FiddleSticks,Sion,Darius,Qiyana,Mel,Nami,1
NA1_5506649672,16.5,Kled,Talon,Ahri,Yunara,Lulu,Mordekaiser,Kayn,Anivia,Aphelios,Karma,1
NA1_5506503142,16.5,Gragas,LeeSin,Kassadin,Jinx,Nami,Jayce,Shaco,TwistedFate,Kaisa,Lulu,0
NA1_5507881545,16.5,Yorick,Lillia,Hwei,MissFortune,Braum,Zed,XinZhao,Ekko,Xayah,Zilean,1
NA1_5506710208,16.5,Darius,Viego,Ekko,Zeri,Annie,Kayn,Zyra,Malzahar,Twitch,Pantheon,1
NA1_5506075592,16.5,Nasus,RekSai,Malzahar,Smolder,Sona,Sion,Skarner,Garen,Yunara,Pyke,0
NA1_5506275708,16.5,Mordekaiser,FiddleSticks,Nasus,Ezreal,Senna,Zaahen,Lillia,Pantheon,Ashe,Seraphine,1
NA1_5509968743,16.5,Jax,MonkeyKing,DrMundo,Jhin,Bard,Shen,Rengar,Seraphine,Tristana,Karma,0
NA1_5509770454,16.5,Jax,Taliyah,Neeko,Yasuo,Nautilus,Nocturne,Jayce,Zed,Vladimir,Senna,1
NA1_5510993713,16.5,Irelia,DrMundo,Gwen,Corki,Pyke,Sett,Ambessa,Veigar,Jhin,Nami,1
NA1_5509630123,16.5,Aatrox,Naafiri,FiddleSticks,Smolder,Lux,Jayce,Nasus,Fizz,Mel,Nautilus,0
NA1_5511621337,16.5,Aurora,LeeSin,Sylas,Kaisa,Thresh,Singed,Karthus,Akshan,Lucian,Seraphine,1
NA1_5507172119,16.5,Aatrox,MonkeyKing,Talon,Mel,Senna,Camille,Qiyana,Kassadin,Smolder,Nami,1
NA1_5507193145,16.5,Fiora,Ekko,Yasuo,Yunara,FiddleSticks,Shen,Zyra,Irelia,Nilah,Ashe,1
NA1_5510675052,16.5,Chogath,Nunu,Jayce,Jhin,Nautilus,Garen,Hecarim,Zoe,Corki,Nami,0
NA1_5510321950,16.5,Ambessa,Jayce,Xerath,Yunara,Annie,Yuumi,Shaco,TwistedFate,Ashe,Rell,1
NA1_5506264918,16.5,Akali,Shaco,Zed,Caitlyn,Bard,Mordekaiser,DrMundo,Kassadin,Aphelios,Soraka,0
NA1_5510367551,16.5,Fiora,Kayn,Akali,Zeri,Milio,Zaahen,Shen,Kassadin,Corki,Alistar,0
NA1_5507285556,16.5,Ambessa,Graves,Swain,Senna,Alistar,Gwen,Shaco,Malzahar,Jinx,Thresh,0
NA1_5506710221,16.5,Shaco,Graves,Azir,Aphelios,Thresh,Udyr,XinZhao,Zed,Lux,Nami,1
NA1_5510074379,16.5,Ambessa,Qiyana,Syndra,Smolder,Bard,Heimerdinger,Udyr,Brand,Aphelios,Nautilus,1
NA1_5509783111,16.5,Anivia,MasterYi,Singed,Caitlyn,Sona,Vayne,XinZhao,Syndra,Jhin,Leona,0
NA1_5508072239,16.5,Aatrox,Shaco,Vex,Ashe,Janna,RekSai,Kayn,Sylas,Aphelios,Karma,1
NA1_5509745293,16.5,Ambessa,Darius,Leblanc,Ashe,Alistar,Chogath,Volibear,Ahri,Smolder,Zilean,0
NA1_5509785971,16.5,Kennen,Naafiri,Chogath,Caitlyn,Milio,Varus,Zed,Syndra,Ezreal,Poppy,1
NA1_5506819941,16.5,Gnar,Viego,Zoe,Vayne,Nautilus,Nasus,Talon,Ahri,Ezreal,Rakan,0
NA1_5505643691,16.5,KSante,Udyr,Veigar,Jhin,Teemo,Karma,JarvanIV,Xerath,Jinx,Senna,1
NA1_5506332899,16.5,Jax,Udyr,Mel,Draven,Nautilus,Renekton,MonkeyKing,Ahri,Yunara,Morgana,0
NA1_5506979292,16.5,Mordekaiser,Kindred,Ekko,Ezreal,Karma,Nasus,Zyra,Vex,Smolder,Lux,1
NA1_5511011502,16.5,Garen,Jayce,Akali,Senna,TahmKench,Shen,Karthus,Naafiri,Sivir,Janna,1
NA1_5510756649,16.5,Gangplank,Graves,Lissandra,Jinx,Morgana,Swain,Naafiri,Vladimir,Lucian,Soraka,0
NA1_5511267316,16.5,Kennen,Hecarim,Tryndamere,Draven,Yuumi,Volibear,Chogath,Swain,Caitlyn,Soraka,1
NA1_5510342662,16.5,Aatrox,Hecarim,Galio,Tristana,Karma,Fiora,Zaahen,Hwei,Vladimir,Yuumi,0
NA1_5509210303,16.5,Gnar,Rammus,Talon,Smolder,Soraka,Sett,XinZhao,KogMaw,Samira,Nautilus,1
NA1_5511139524,16.5,Gnar,Hecarim,Diana,Jhin,Karma,Singed,Zac,Zed,Kaisa,Pyke,0
NA1_5510192013,16.5,Garen,Rengar,Anivia,Sett,Senna,Riven,Hecarim,Ekko,Ezreal,Nautilus,1
NA1_5510053117,16.5,Gnar,Udyr,Naafiri,Corki,Karma,Nasus,Zyra,Ahri,Sett,Senna,1
NA1_5511043207,16.5,Akali,Chogath,Naafiri,Corki,Nami,Anivia,Zed,Ryze,Lucian,Nautilus,1
NA1_5511018688,16.5,Malphite,Jayce,Viktor,Caitlyn,Zilean,Mordekaiser,Talon,KogMaw,Twitch,Milio,0
NA1_5509646860,16.5,Ambessa,Teemo,Akali,Jinx,Thresh,Ornn,Graves,Kassadin,Kaisa,Pyke,0
NA1_5510495895,16.5,Jax,Udyr,Aurora,Ezreal,Rakan,TahmKench,Vi,Ekko,Corki,Nami,0
NA1_5505915353,16.5,Rumble,Warwick,Syndra,Smolder,Lulu,Yone,Taliyah,Lissandra,Samira,Nautilus,1
NA1_5505676045,16.5,Renekton,Nunu,Ahri,Corki,Nami,Yone,Rengar,Anivia,Ezreal,Trundle,0
NA1_5508746743,16.5,Ambessa,XinZhao,Swain,KogMaw,Lulu,Mordekaiser,Udyr,Irelia,Lucian,Nami,0
NA1_5511021950,16.5,Ornn,Khazix,Ekko,Sivir,Karma,Yone,Jayce,Neeko,Corki,Janna,0
NA1_5506994090,16.5,Irelia,Nocturne,Ryze,Lux,Zoe,Jayce,Ekko,Swain,Smolder,Morgana,0
NA1_5509861023,16.5,Jax,Talon,Zoe,Lucian,Pyke,Shen,Graves,Nasus,Brand,Velkoz,1
NA1_5510908866,16.5,Ambessa,JarvanIV,Ryze,Caitlyn,Blitzcrank,Urgot,Diana,Akshan,Ashe,Sona,0
NA1_5510909595,16.5,Fiora,Shaco,Syndra,Ezreal,Karma,Malphite,XinZhao,Naafiri,MissFortune,Thresh,0
NA1_5507918290,16.5,Renekton,Lillia,Sylas,Jhin,TahmKench,Shen,Belveth,Viktor,Varus,Braum,1
NA1_5507152655,16.5,Camille,Shaco,Katarina,Veigar,Sona,Gnar,Hecarim,Vex,Sivir,Leona,0
NA1_5511022469,16.5,Fiora,Hecarim,Kassadin,Swain,Sona,Zaahen,Graves,Naafiri,Ashe,Karthus,1
NA1_5509037679,16.5,Gwen,Shaco,Vladimir,Vayne,Lulu,Malphite,Kindred,Malzahar,Samira,Elise,0
NA1_5508669301,16.5,Gwen,Graves,Leblanc,Aphelios,Lulu,Singed,MasterYi,Syndra,Ezreal,Nautilus,0
NA1_5509677931,16.5,Pantheon,Graves,Zoe,Ezreal,Nautilus,Sejuani,RekSai,Katarina,Brand,Karma,0
NA1_5506442918,16.5,Aatrox,MonkeyKing,Mel,Corki,Annie,Darius,MasterYi,Anivia,Tristana,Thresh,0
NA1_5508694650,16.5,Tryndamere,Naafiri,Lissandra,Ziggs,Alistar,Zaahen,Nocturne,Katarina,Caitlyn,Maokai,0
NA1_5511209746,16.5,Gragas,Viego,Hwei,Sivir,Janna,Irelia,Kayn,TwistedFate,Aphelios,Alistar,0
NA1_5511262895,16.5,Darius,Kayn,Fizz,Sivir,Bard,Fiora,Shen,Leblanc,Jinx,Karma,1
NA1_5509759744,16.5,Ornn,Zyra,Yone,Ezreal,Leona,Teemo,Graves,Nautilus,Mel,Pantheon,0
NA1_5508702079,16.5,Garen,DrMundo,Lissandra,Jinx,Alistar,Vayne,Ivern,Veigar,Xayah,Rakan,1
NA1_5506309146,16.5,Renekton,Shen,Lux,Tristana,Yuumi,Yone,Naafiri,Ahri,Yunara,Milio,1
NA1_5511419429,16.5,Aurora,Shaco,Zoe,Caitlyn,Morgana,Garen,Hecarim,Akali,Jhin,Bard,0
NA1_5509182778,16.5,Jax,Graves,Zac,Jinx,Seraphine,Nasus,Aatrox,Draven,Smolder,Mel,1
NA1_5510420072,16.5,Fiora,Shaco,Cassiopeia,Jhin,TahmKench,Zaahen,Sylas,Brand,Draven,Zilean,1
NA1_5509254385,16.5,Kled,Nocturne,Galio,Jhin,Pantheon,Shen,Mordekaiser,Fizz,Samira,Nautilus,1
NA1_5506030077,16.5,Shen,Zaahen,Viktor,Kaisa,Pyke,Teemo,Graves,Mel,Yunara,Braum,0
NA1_5509553223,16.5,Mordekaiser,Kindred,Aurora,Lucian,Rakan,Vayne,Ekko,Aatrox,Ashe,Nami,0
NA1_5509733922,16.5,Sett,Sylas,Qiyana,MissFortune,Leona,Trundle,XinZhao,Ahri,Seraphine,Pantheon,0
NA1_5510028275,16.5,KSante,Viego,Qiyana,Brand,Elise,Pantheon,Gwen,Xerath,Ashe,Lulu,1
NA1_5511594359,16.5,Garen,Nocturne,Akali,Mel,Nautilus,Udyr,Karthus,Naafiri,Ezreal,Janna,1
NA1_5508124536,16.5,Jax,MasterYi,Annie,Aphelios,Velkoz,Vayne,Elise,Yasuo,Lucian,Nautilus,0
NA1_5511330694,16.5,Mordekaiser,LeeSin,Akali,Varus,Renata,Volibear,Nunu,Sylas,Ezreal,Pyke,0
NA1_5505943150,16.5,DrMundo,Aatrox,Aurora,Smolder,Leona,Swain,Belveth,Mel,Yunara,Nautilus,1
NA1_5510577557,16.5,Cassiopeia,Draven,Katarina,Soraka,Sona,MonkeyKing,Talon,Swain,Vladimir,Senna,1
NA1_5510443914,16.5,Ambessa,JarvanIV,Azir,Ezreal,Hwei,Sion,LeeSin,Syndra,Lucian,Ahri,1
NA1_5510994762,16.5,Poppy,Nocturne,Veigar,Xayah,Rakan,Renekton,Taliyah,Neeko,Draven,Nautilus,1
NA1_5510150957,16.5,Malphite,RekSai,Kled,Aphelios,Bard,Yone,Shaco,Vladimir,Draven,Nautilus,1
NA1_5506588742,16.5,Garen,Belveth,Kayle,Caitlyn,Zyra,Nasus,Shaco,Yasuo,Jhin,Mel,1
NA1_5506300150,16.5,Irelia,Zed,TwistedFate,Ezreal,Lulu,Renekton,MonkeyKing,Akshan,Syndra,Nami,0
NA1_5510899383,16.5,Renekton,Vi,Ahri,Ezreal,Nami,Riven,Graves,Varus,Sivir,Soraka,0
NA1_5505887366,16.5,Renekton,Warwick,Malzahar,Ashe,Braum,Tryndamere,Talon,Smolder,Samira,Morgana,0
NA1_5505548858,16.5,Ambessa,Jayce,TwistedFate,MissFortune,Seraphine,Gnar,Zaahen,Malzahar,Sivir,Blitzcrank,1
NA1_5508594654,16.5,Aatrox,Taliyah,Orianna,Sivir,Leona,Camille,Belveth,Mel,Caitlyn,Morgana,0
NA1_5508802797,16.5,Kaisa,Viego,Annie,Samira,Rakan,Yone,Hecarim,Sylas,Brand,Nami,0
NA1_5508530935,16.5,Camille,Hecarim,Yasuo,Ahri,Senna,Jayce,LeeSin,Syndra,Kaisa,Neeko,0
NA1_5508771977,16.5,Kennen,Jayce,AurelionSol,Yunara,Nami,Nasus,MonkeyKing,TwistedFate,Yasuo,Soraka,1
NA1_5509654860,16.5,Sejuani,LeeSin,Galio,Senna,Bard,Zaahen,Rengar,TwistedFate,Yasuo,Elise,1
NA1_5507731063,16.5,Gnar,Naafiri,Syndra,Yunara,Morgana,Renekton,Rammus,Pyke,Aphelios,Lulu,0
NA1_5506217816,16.5,Ryze,Hecarim,Kassadin,Caitlyn,Lux,Seraphine,Nunu,Renekton,Jhin,Zilean,1
NA1_5510351913,16.5,DrMundo,Viego,Seraphine,Yasuo,Velkoz,Nasus,Shaco,Malzahar,Mel,Swain,0
NA1_5511299497,16.5,Jax,Viego,Orianna,Varus,Bard,Rumble,Khazix,Ryze,MissFortune,Leona,1
NA1_5509696561,16.5,KSante,MasterYi,Naafiri,Twitch,Lulu,Udyr,Zed,Vex,Zyra,Nami,1
NA1_5506973207,16.5,Heimerdinger,Gwen,Nasus,Jhin,Senna,Riven,Nidalee,Ambessa,Ezreal,FiddleSticks,0
NA1_5510292710,16.5,Garen,MasterYi,Viktor,Seraphine,Sett,Jax,Rengar,Orianna,Ezreal,Bard,0
NA1_5509081120,16.5,Olaf,Jayce,Ahri,Yasuo,Ashe,Zaahen,Evelynn,Neeko,Smolder,Senna,1
NA1_5509196271,16.5,Ambessa,Zed,TwistedFate,Varus,Karma,Qiyana,MasterYi,Nasus,Velkoz,Jax,0
NA1_5506578447,16.5,KSante,Zed,Veigar,AurelionSol,Nami,Renekton,LeeSin,Anivia,Yasuo,Lulu,1
NA1_5510641639,16.5,Heimerdinger,RekSai,Tristana,Ashe,Rakan,Jayce,JarvanIV,Akali,Sett,Senna,0
NA1_5509372465,16.5,Fiora,Khazix,Leblanc,Zeri,Yuumi,Mordekaiser,Naafiri,Smolder,Aphelios,Nautilus,1
NA1_5511320584,16.5,Kled,MasterYi,Viktor,Vayne,Nami,Ryze,Jax,Malzahar,Ezreal,Sona,0
NA1_5510329571,16.5,Sion,Volibear,Qiyana,Ziggs,Nautilus,Zaahen,DrMundo,Zoe,Aphelios,Karma,1
NA1_5511048540,16.5,Swain,Sion,AurelionSol,MissFortune,Thresh,Yasuo,RekSai,Sylas,Caitlyn,Morgana,1
NA1_5506283927,16.5,Garen,Lillia,TwistedFate,Ezreal,Karma,XinZhao,MonkeyKing,Malzahar,Ashe,Braum,0
NA1_5511060453,16.5,Garen,MonkeyKing,Hwei,Zeri,Bard,Singed,Amumu,Malzahar,Swain,Ashe,1
NA1_5510288696,16.5,Camille,JarvanIV,Lissandra,Corki,Nami,Ryze,Ambessa,Zed,Kaisa,Rakan,0
NA1_5509809260,16.5,MonkeyKing,Shaco,Malzahar,Sett,Senna,Nasus,Nocturne,Ahri,Kaisa,Nami,1
NA1_5510678594,16.5,Malphite,Nunu,Irelia,Jhin,Xerath,Teemo,Jayce,Fizz,Caitlyn,Janna,1
NA1_5508384641,16.5,Gangplank,Talon,Vex,Vayne,Bard,Gwen,Belveth,LeeSin,Yunara,Milio,0
NA1_5506784169,16.5,Darius,Nidalee,Veigar,Xayah,Rakan,Kled,Graves,Syndra,Swain,Nasus,0
NA1_5509315526,16.5,Garen,MasterYi,Azir,Ezreal,Nami,Shen,Shaco,Lissandra,Lucian,Braum,0
NA1_5507445389,16.5,Aatrox,Diana,Yasuo,Caitlyn,Sona,Darius,Viego,Lissandra,Ezreal,Nami,0
NA1_5510426936,16.5,Ambessa,Pantheon,Azir,Ziggs,Alistar,Nasus,Nocturne,Orianna,Kaisa,Leona,0
NA1_5510962516,16.5,Vladimir,Zaahen,Diana,Aphelios,Thresh,Zilean,Talon,TwistedFate,Jhin,Braum,0
NA1_5506793820,16.5,Ambessa,Zac,Kaisa,Vayne,Rakan,Jax,Graves,Anivia,Lucian,Nami,1
NA1_5510587929,16.5,Ornn,Kayn,Viktor,Varus,Bard,Yone,JarvanIV,Hwei,Xayah,Karma,1
NA1_5507464792,16.5,Aatrox,Kaisa,Malzahar,Veigar,Sejuani,Ambessa,Graves,Annie,Ashe,Lulu,0
NA1_5510134213,16.5,Jax,JarvanIV,Mel,Sett,Senna,Zaahen,Neeko,Aurora,Smolder,Soraka,0
NA1_5505600367,16.5,Nasus,Khazix,Ahri,Yunara,Blitzcrank,Sion,Elise,Mel,Jinx,Braum,1
NA1_5511037075,16.5,Azir,Kayn,Xerath,Ezreal,Nami,Vayne,Zaahen,Lux,Ashe,Bard,1
NA1_5510773961,16.5,Renekton,Ivern,Ekko,Caitlyn,Bard,Yasuo,Graves,Neeko,Ahri,Leona,1
NA1_5510641054,16.5,Chogath,Rengar,LeeSin,Ezreal,Karma,Ornn,Zyra,Zed,Sivir,Zilean,1
NA1_5509147829,16.5,Aatrox,Briar,Brand,Yunara,Karma,Darius,Diana,Veigar,Smolder,Nami,1
NA1_5508448839,16.5,Jayce,DrMundo,Chogath,Kaisa,Leona,Rumble,Khazix,Nasus,Mel,Alistar,0
NA1_5509209324,16.5,DrMundo,Jayce,Hwei,Cassiopeia,Teemo,Yasuo,Hecarim,Orianna,Smolder,Zilean,0
NA1_5507142213,16.5,Kayle,Talon,Vladimir,MissFortune,Nami,Urgot,Graves,Syndra,Velkoz,Alistar,0
NA1_5511177409,16.5,Gangplank,Maokai,Yone,KogMaw,Alistar,MonkeyKing,Shaco,Swain,Ezreal,Sona,1
NA1_5506189228,16.5,Garen,JarvanIV,Samira,AurelionSol,Senna,Gnar,Shaco,Ahri,Ashe,Pantheon,1
NA1_5511005692,16.5,Nasus,Hecarim,Syndra,Yunara,Thresh,Varus,Lillia,Galio,Ashe,Taric,0
NA1_5510619153,16.5,Akali,Graves,Ahri,Jinx,Thresh,Vladimir,Rengar,Galio,Sett,Senna,1
NA1_5511159300,16.5,Illaoi,Graves,Diana,Corki,Nautilus,Zaahen,Ekko,Vladimir,Ashe,Janna,1
NA1_5511241527,16.5,Cassiopeia,Rengar,Leblanc,Jinx,Karma,Jax,Kayn,Zoe,Smolder,Lux,0
NA1_5509119101,16.5,Rumble,FiddleSticks,Irelia,MissFortune,Blitzcrank,Shen,Shaco,Veigar,Kaisa,Rell,1
NA1_5506154540,16.5,RekSai,Belveth,Zilean,Xayah,Rakan,Rumble,MasterYi,TwistedFate,Varus,Senna,0
NA1_5509289959,16.5,Kayle,Khazix,Malphite,Ezreal,Nami,Sylas,Nocturne,Galio,Ashe,Lulu,0
NA1_5510684031,16.5,Ambessa,DrMundo,Sylas,Zeri,Pyke,Illaoi,Gwen,Karma,Twitch,Nami,0
NA1_5510502132,16.5,Riven,Fizz,Veigar,Aphelios,Nami,Trundle,Hecarim,Vladimir,Jinx,Sona,0
NA1_5509403172,16.5,Ambessa,Shaco,Irelia,Swain,Leona,Renekton,Kayn,Diana,Yunara,Janna,0
NA1_5511277784,16.5,Rumble,Rengar,Orianna,Caitlyn,Shen,Sett,MasterYi,Ryze,Lux,Neeko,1
NA1_5511056110,16.5,Aatrox,Kayn,Ahri,Ezreal,Senna,Renekton,FiddleSticks,Sylas,Corki,Nami,0
NA1_5509156311,16.5,Fiora,LeeSin,Galio,Ezreal,Sylas,Gangplank,Brand,Mel,Smolder,Soraka,0
NA1_5509713516,16.5,Aatrox,Vi,Renekton,Twitch,Ashe,Garen,Graves,Kassadin,Lucian,Yuumi,0
NA1_5507082869,16.5,Camille,Shyvana,Aurora,MissFortune,Soraka,Sion,Udyr,Malzahar,Smolder,Senna,0
NA1_5511056758,16.5,Jayce,Volibear,KogMaw,Ashe,Bard,Varus,Ekko,Azir,Sivir,Alistar,0
NA1_5510670950,16.5,Malphite,Amumu,Jayce,MissFortune,Sona,Vladimir,Shyvana,Briar,Tristana,Poppy,1
NA1_5511365048,16.5,Darius,Hecarim,Leblanc,Sivir,Thresh,FiddleSticks,Graves,Katarina,Draven,Akshan,0
NA1_5511599559,16.5,Akali,Graves,Lissandra,Ezreal,Pantheon,Aurora,Evelynn,Irelia,Jinx,Yuumi,1
NA1_5511444382,16.5,Graves,JarvanIV,Galio,Lucian,Yuumi,Jax,Ekko,Ambessa,Ezreal,Nami,1
NA1_5511004228,16.5,Aurora,Talon,TwistedFate,Brand,Nami,Yorick,Graves,Neeko,Jhin,Poppy,0
NA1_5510380347,16.5,Yasuo,Jayce,Viktor,Ezreal,Alistar,Yone,Ekko,Zed,Tristana,Poppy,1
NA1_5509663231,16.5,Ambessa,Jayce,Galio,Corki,Nautilus,Sejuani,DrMundo,Caitlyn,Jhin,Milio,0
NA1_5509657763,16.5,Darius,Evelynn,Syndra,Lucian,Nami,Malphite,Viego,Diana,Quinn,Lulu,1
NA1_5510002130,16.5,Morgana,Evelynn,Naafiri,MissFortune,Velkoz,Varus,Darius,Malzahar,Ezreal,Zilean,1
NA1_5509090734,16.5,Aatrox,Qiyana,Leblanc,Ezreal,Karma,Sion,Nunu,Syndra,Corki,Sona,0
NA1_5509356752,16.5,Ambessa,Malphite,Hwei,Jinx,Elise,Gwen,Jayce,Xerath,Yunara,Lulu,1
NA1_5509240543,16.5,Jax,LeeSin,Zoe,Kaisa,Nami,Kayle,JarvanIV,Fizz,Jhin,Karma,0
NA1_5510945603,16.5,Ambessa,Talon,Viktor,Jhin,Rell,Darius,Viego,Anivia,Mel,Nautilus,0
NA1_5509969204,16.5,Ambessa,Hecarim,Xerath,Jinx,Thresh,Irelia,Amumu,Azir,Xayah,Bard,1
NA1_5511189804,16.5,Irelia,Sylas,Ahri,Yasuo,Thresh,Shen,Viego,Rumble,Ezreal,Braum,1
NA1_5510340323,16.5,Heimerdinger,Jayce,Yone,Samira,Nautilus,Sett,Mordekaiser,Xerath,Jinx,Lulu,0
NA1_5508668980,16.5,Darius,Diana,Galio,Twitch,Karma,Renekton,Hecarim,Sylas,Draven,Nautilus,1
NA1_5507423204,16.5,Jax,Briar,Xerath,Lucian,Nami,Ornn,Jayce,Zac,Twitch,Soraka,1
NA1_5510331825,16.5,Irelia,Kayn,Naafiri,Vladimir,Yuumi,Udyr,Nocturne,Pantheon,Gragas,Karma,0
NA1_5509216202,16.5,Darius,Karthus,Veigar,Vayne,Thresh,Renekton,JarvanIV,Malzahar,Sivir,Nautilus,0
NA1_5507370141,16.5,Irelia,Zaahen,Yone,Kaisa,Xerath,Kayle,Ivern,Anivia,Zeri,Sion,0
NA1_5510580364,16.5,Maokai,Ambessa,Anivia,Ashe,Nautilus,Volibear,Jayce,Sion,Caitlyn,Elise,1
NA1_5507822782,16.5,Gnar,Taliyah,Aurora,Xayah,Rakan,Mordekaiser,Zaahen,Ahri,Samira,Lulu,1
NA1_5510512941,16.5,Camille,Elise,Xerath,Corki,Pyke,Kled,Hecarim,Orianna,Sivir,Senna,1
NA1_5509640380,16.5,Olaf,Graves,Yasuo,Caitlyn,Senna,Sejuani,Malphite,Kassadin,Ashe,Karma,1
NA1_5507601147,16.5,Gwen,Jayce,Diana,Ashe,TahmKench,KSante,Rengar,Akali,Jinx,Karma,0
NA1_5510998227,16.5,Gwen,XinZhao,Akshan,Ezreal,Swain,LeeSin,Sylas,TwistedFate,Twitch,Nami,0
NA1_5511319269,16.5,KSante,Talon,Viktor,Lucian,Nami,Vayne,Zac,Nunu,Yasuo,Elise,0
NA1_5506965204,16.5,Garen,RekSai,Anivia,Smolder,Pantheon,Jax,MasterYi,Ekko,Kaisa,TahmKench,0
NA1_5511068693,16.5,Rumble,Graves,Anivia,Xayah,Nami,Vladimir,Hecarim,Ziggs,Sivir,Zilean,0
NA1_5511212239,16.5,Chogath,Jayce,Syndra,Ezreal,Sylas,FiddleSticks,Graves,Mel,Jhin,Karma,0
NA1_5507003668,16.5,Gangplank,MasterYi,Syndra,Sivir,FiddleSticks,Riven,Qiyana,Volibear,AurelionSol,Leona,1
NA1_5505823730,16.5,Gnar,Teemo,Azir,Senna,Sona,Yone,Graves,TwistedFate,Smolder,Seraphine,1
NA1_5508465161,16.5,Camille,Graves,Yasuo,Veigar,Maokai,Yorick,Lillia,Lissandra,Samira,Braum,1
NA1_5507239590,16.5,Ambessa,Shaco,Ryze,Caitlyn,Pantheon,Brand,Hecarim,Yone,Varus,Teemo,0
NA1_5509042649,16.5,Jayce,Talon,Aurora,Sivir,Shen,Nocturne,Rengar,Ziggs,Smolder,Alistar,0
NA1_5508512281,16.5,Fiora,LeeSin,Yasuo,Ahri,Senna,Jayce,Ambessa,Fizz,Lucian,Alistar,1
NA1_5505864174,16.5,Renekton,Hecarim,Katarina,Nilah,TahmKench,Rumble,Nunu,Zoe,Smolder,Braum,1
NA1_5509174464,16.5,Shen,Shaco,Yasuo,Kaisa,Pyke,Sion,Ekko,Orianna,Yunara,Braum,1
NA1_5507089554,16.5,Kennen,Naafiri,Pantheon,Senna,FiddleSticks,Zaahen,Khazix,Orianna,Yunara,Soraka,1
NA1_5511063495,16.5,Gangplank,Belveth,Mel,Ashe,Lulu,Mordekaiser,Volibear,Aurora,Jhin,Morgana,0
NA1_5510403830,16.5,Ambessa,Khazix,Neeko,Brand,Karma,Irelia,Hecarim,Lissandra,Xerath,Leona,1
NA1_5510132891,16.5,Fiora,Kayn,TwistedFate,Aphelios,Zilean,Zaahen,Warwick,Ahri,Ashe,Seraphine,1
NA1_5507448952,16.5,Darius,Nasus,Ahri,Smolder,Nautilus,Garen,Gwen,Yasuo,Aphelios,Blitzcrank,0
NA1_5508698002,16.5,Aatrox,MonkeyKing,Zed,Vayne,Alistar,Tryndamere,Hecarim,Velkoz,Viktor,Janna,1
NA1_5506750869,16.5,Chogath,DrMundo,Graves,Caitlyn,Morgana,Sejuani,Gragas,Heimerdinger,Twitch,Yuumi,1
NA1_5511078241,16.5,Camille,Sylas,Galio,Ezreal,Soraka,Nasus,Zac,Viktor,Kaisa,Blitzcrank,1
NA1_5508415436,16.5,Ambessa,Morgana,Ahri,Ziggs,Braum,Urgot,Hecarim,Kayle,Samira,Karma,0
NA1_5508816908,16.5,Shen,Shaco,Kayle,Lucian,Yuumi,Yone,Amumu,Mel,MissFortune,Rell,1
NA1_5511216454,16.5,Ornn,Graves,Ahri,Tristana,Rell,Singed,Talon,Kennen,Senna,Lulu,1
NA1_5508681923,16.5,Akali,Graves,Katarina,Twitch,Lulu,Ambessa,Kindred,Ryze,Seraphine,Soraka,0
NA1_5507590048,16.5,Fiora,Rengar,Katarina,Sivir,Pyke,KSante,Elise,Zed,Caitlyn,Alistar,1
NA1_5509639812,16.5,Sejuani,Graves,Fizz,Jhin,Shaco,Teemo,Hecarim,Anivia,Twitch,Milio,1
NA1_5508774802,16.5,Gnar,Lillia,Kassadin,Aphelios,Nami,Renekton,Talon,Katarina,Mel,Janna,0
NA1_5509973451,16.5,Ashe,Viego,Yasuo,Draven,Fizz,Jax,Graves,Kennen,Kaisa,Rakan,0
NA1_5505701089,16.5,DrMundo,Karthus,Leblanc,Smolder,Lux,Renekton,Lillia,Talon,Senna,Galio,1
NA1_5511608880,16.5,Pantheon,MonkeyKing,Ahri,Corki,Blitzcrank,Yasuo,Karthus,Akshan,Zilean,Sona,0
NA1_5508864836,16.5,Kled,Nocturne,Fizz,Yunara,Milio,Poppy,XinZhao,FiddleSticks,Vayne,Karma,1
NA1_5508367028,16.5,Sion,MasterYi,Annie,KogMaw,Elise,Yorick,Graves,Xerath,Kaisa,Rakan,0
NA1_5509201985,16.5,TahmKench,Briar,Leblanc,Aphelios,Bard,Udyr,Lillia,Aurora,Kaisa,Thresh,0
NA1_5509155865,16.5,Jayce,FiddleSticks,Lucian,Mel,Sona,Warwick,Ivern,Qiyana,Ezreal,Karma,0
NA1_5507057198,16.5,Gangplank,JarvanIV,Azir,Kaisa,Rakan,Riven,Volibear,Nasus,Aphelios,Taric,1
NA1_5511403107,16.5,FiddleSticks,Vi,Galio,Smolder,Zoe,Zaahen,Zac,Fizz,Viktor,Karma,0
NA1_5508826663,16.5,Kled,Warwick,Kassadin,Samira,Lux,Tryndamere,Aatrox,Ziggs,Veigar,Soraka,0
NA1_5511003851,16.5,DrMundo,Shen,Fizz,Caitlyn,Nami,Teemo,Karthus,Naafiri,Yunara,Karma,0
NA1_5507229686,16.5,Sett,Graves,Galio,Corki,Janna,Singed,MonkeyKing,Kassadin,Samira,Elise,0
NA1_5510983730,16.5,RekSai,MasterYi,Swain,Aphelios,Blitzcrank,Zed,Vi,Sylas,Ezreal,Nami,0
NA1_5509263728,16.5,Shen,Shaco,Yasuo,Smolder,Sona,Singed,Teemo,Yone,Mel,Soraka,1
NA1_5508710721,16.5,Ahri,Volibear,Smolder,Lux,Sona,Gnar,Sion,Hwei,KogMaw,Blitzcrank,1
NA1_5511287716,16.5,Irelia,Sylas,Azir,Lucian,Nami,Singed,Zac,Yasuo,Caitlyn,Bard,0
NA1_5506987304,16.5,Ambessa,Nocturne,Yone,Ziggs,FiddleSticks,Rumble,DrMundo,Pantheon,Corki,Blitzcrank,0
NA1_5507240830,16.5,Gangplank,JarvanIV,Xerath,Yunara,Elise,Mordekaiser,Ambessa,Anivia,Aphelios,Thresh,1
NA1_5511621984,16.5,Nasus,Nocturne,Anivia,Corki,Sona,Singed,FiddleSticks,DrMundo,Sivir,Lulu,1
NA1_5509790948,16.5,Volibear,Nocturne,Neeko,Lucian,Leona,Yasuo,JarvanIV,Ahri,Ezreal,Soraka,1
NA1_5510362768,16.5,MasterYi,XinZhao,Twitch,Vladimir,Yuumi,Singed,Kayn,Malzahar,Jhin,Maokai,1
NA1_5508573338,16.5,Gragas,Trundle,Fizz,KogMaw,Senna,Malphite,Qiyana,Jayce,Lucian,Nami,1
NA1_5508564029,16.5,Ahri,Nunu,Xerath,Aphelios,Nami,Ornn,FiddleSticks,Velkoz,Smolder,Bard,0
NA1_5510354814,16.5,Maokai,MasterYi,Singed,Caitlyn,Nautilus,Urgot,Rengar,Vladimir,Ashe,Yuumi,1
NA1_5511200665,16.5,Gangplank,Ekko,Quinn,Xayah,Elise,Yone,Zed,Xerath,Twitch,Blitzcrank,0
NA1_5506686393,16.5,Aurora,MasterYi,Orianna,Samira,Nami,Azir,Zac,Pantheon,Xayah,Soraka,0
NA1_5510026119,16.5,Ornn,Warwick,Orianna,Jinx,Soraka,Udyr,Hecarim,Viktor,Sett,Senna,1
NA1_5509404455,16.5,Jax,Udyr,Swain,Smolder,Pantheon,Teemo,Shen,Orianna,Senna,Shaco,0
NA1_5505557312,16.5,Riven,Talon,TwistedFate,Lucian,Karma,Vayne,Rengar,Yone,Ashe,Shaco,1
NA1_5510122014,16.5,KSante,RekSai,Akali,Jinx,Alistar,Shen,Shaco,Veigar,Yunara,Blitzcrank,0
NA1_5511365846,16.5,Camille,Warwick,DrMundo,Ezreal,Velkoz,Singed,Yone,Ryze,Aphelios,Lulu,0
NA1_5509569468,16.5,Malphite,Chogath,Katarina,Caitlyn,Rell,Zaahen,Kindred,Yasuo,Hwei,Rakan,0
NA1_5506507964,16.5,Mordekaiser,Amumu,Zed,Varus,Ezreal,Ornn,Shen,Katarina,Yunara,Lulu,0
NA1_5509981918,16.5,Gragas,Naafiri,Ahri,Ezreal,Zilean,Zaahen,Udyr,Ziggs,Senna,Jhin,0
NA1_5510067941,16.5,Kennen,Jax,Zed,Lucian,Nami,Yone,Sejuani,Akali,Yunara,Lulu,0
NA1_5508423597,16.5,Fiora,Kindred,Galio,Hwei,Seraphine,Jayce,Taliyah,Irelia,MissFortune,Alistar,0
NA1_5510957913,16.5,Ornn,DrMundo,TwistedFate,Jhin,Swain,Yone,XinZhao,Orianna,Lucian,Pyke,1
NA1_5511297933,16.5,Galio,LeeSin,Veigar,Smolder,Blitzcrank,TahmKench,Khazix,Kennen,Jinx,Lissandra,1
NA1_5508987580,16.5,Malphite,Khazix,Ryze,Kalista,Senna,Qiyana,LeeSin,Anivia,Aphelios,TahmKench,1
NA1_5509605494,16.5,DrMundo,Belveth,Chogath,Ashe,Soraka,Kayle,Lillia,Viktor,Lucian,Nami,0
NA1_5507211018,16.5,Azir,Ivern,Vex,Corki,Thresh,Camille,Zed,Leblanc,Jinx,Alistar,0
NA1_5505807973,16.5,Aatrox,DrMundo,Katarina,Jhin,Zyra,Gnar,MasterYi,Kassadin,Jinx,Milio,1
NA1_5509419012,16.5,Renekton,MasterYi,Xerath,Ezreal,Karma,Sett,Sylas,Qiyana,Aphelios,Nami,0
NA1_5508546171,16.5,Urgot,Jayce,Nasus,Yunara,Thresh,Yasuo,Diana,Zed,Ahri,Camille,0
NA1_5509752271,16.5,Camille,Udyr,Kassadin,Swain,Yuumi,Darius,JarvanIV,AurelionSol,Kaisa,Rakan,1
NA1_5510650341,16.5,Kayle,Qiyana,KogMaw,Ashe,Neeko,Zoe,Hecarim,Taliyah,Ezreal,Karma,1
NA1_5509002313,16.5,KSante,Ambessa,Tryndamere,KogMaw,Lulu,Zaahen,Udyr,Mel,Varus,Karma,0
NA1_5511205906,16.5,Fiora,Zac,Ekko,Lucian,Seraphine,Singed,Viego,Rumble,Yasuo,Alistar,0
NA1_5509157948,16.5,Camille,Volibear,Anivia,Sett,Senna,Shen,Shaco,KogMaw,Jhin,Maokai,0
NA1_5511566177,16.5,Azir,Hecarim,Naafiri,Lux,Sett,DrMundo,Graves,Kassadin,Twitch,Vi,1
NA1_5510699285,16.5,Ahri,Rengar,Yasuo,Vladimir,Sona,Ambessa,RekSai,Kassadin,Draven,Velkoz,0
NA1_5508618473,16.5,Draven,Ivern,Syndra,Samira,Leona,Irelia,Taliyah,Zoe,Jhin,Nautilus,1
NA1_5509732809,16.5,Gnar,Graves,Yasuo,Aphelios,Bard,Qiyana,Aatrox,Ahri,Samira,Pyke,0
NA1_5506474271,16.5,DrMundo,Zeri,Akali,Jinx,Yuumi,Zaahen,RekSai,Katarina,Ezreal,Zac,1
NA1_5508764094,16.5,Irelia,Udyr,Sylas,Yunara,Janna,Shen,Naafiri,Jayce,Veigar,Alistar,1
NA1_5511397347,16.5,Renekton,Shaco,Ahri,Smolder,Nami,Riven,Talon,Katarina,MissFortune,Leona,1
NA1_5507573515,16.5,FiddleSticks,Kindred,TwistedFate,Smolder,Blitzcrank,Tryndamere,MasterYi,Fizz,Jinx,Swain,1
NA1_5511032726,16.5,Ambessa,Karthus,Naafiri,Caitlyn,Milio,Shen,Pantheon,Kayle,Swain,Karma,0
NA1_5509019373,16.5,Gnar,Udyr,Orianna,Vladimir,Yuumi,Nasus,Skarner,Viktor,Ezreal,Nami,1
NA1_5508462618,16.5,Rumble,Pantheon,Viktor,Yasuo,Rell,Zaahen,Jayce,Gangplank,Vayne,Lulu,0
NA1_5511009343,16.5,Jax,RekSai,Leblanc,Tryndamere,Rell,Yone,Hecarim,Akali,Ezreal,Maokai,1
NA1_5509946450,16.5,Illaoi,Ekko,Akali,Corki,Thresh,Malphite,Shaco,Ahri,MissFortune,Leona,1
NA1_5509052302,16.5,Irelia,Viego,Fizz,Zeri,Bard,Nasus,Ambessa,Hwei,Ezreal,Janna,0
NA1_5510969726,16.5,Gnar,Khazix,Qiyana,Corki,Alistar,Shen,RekSai,Jayce,Yasuo,Sona,0
NA1_5510035448,16.5,Varus,LeeSin,Veigar,Ahri,Rell,Vladimir,Khazix,Lux,Jinx,Karma,0
NA1_5510057536,16.5,Yone,Hecarim,Zed,Caitlyn,Lux,Yorick,Kayn,Ahri,Aphelios,Soraka,0
NA1_5511244212,16.5,Kennen,Taliyah,Yasuo,Xayah,Rakan,Olaf,Pantheon,Malzahar,Mel,Lux,1
NA1_5510455329,16.5,Nasus,XinZhao,Azir,Mel,Sona,Singed,JarvanIV,Orianna,MissFortune,Yuumi,1
NA1_5510021907,16.5,Singed,Zed,Ryze,Varus,Maokai,Sion,Viego,Akali,Caitlyn,Braum,0
NA1_5508702292,16.5,Heimerdinger,MasterYi,Kennen,Smolder,Lulu,Ornn,Warwick,Anivia,Ashe,Seraphine,0
NA1_5509764182,16.5,Jayce,XinZhao,Viktor,Lucian,Milio,Maokai,FiddleSticks,Ahri,Samira,Pyke,0
NA1_5509709511,16.5,Malphite,Ivern,Qiyana,Kaisa,Morgana,Pantheon,Graves,TwistedFate,Twitch,Thresh,1
NA1_5509191932,16.5,MonkeyKing,Ekko,Ahri,Jhin,Soraka,Pantheon,Graves,Mel,Samira,Leona,0
NA1_5506735016,16.5,Kennen,Naafiri,Fizz,Senna,Neeko,Mordekaiser,Kayn,Vladimir,Aphelios,Yuumi,0
NA1_5511033016,16.5,Nasus,Ezreal,Vladimir,Corki,Maokai,Swain,Talon,Yasuo,Smolder,Nami,1
NA1_5507035989,16.5,Irelia,Kayn,Veigar,Jinx,Thresh,Urgot,Zaahen,Zed,Smolder,Pantheon,1
NA1_5509956363,16.5,Darius,Viego,Aurora,Xayah,Rakan,Mordekaiser,JarvanIV,Rumble,Draven,Thresh,0
NA1_5511307208,16.5,Jax,Naafiri,Zoe,Caitlyn,Blitzcrank,Zaahen,Khazix,Viktor,Lucian,Yuumi,1
NA1_5509651573,16.5,Ornn,Zaahen,Ekko,Lucian,Nami,Shen,Hecarim,Ahri,Yunara,Lulu,0
NA1_5509627826,16.5,Renekton,Zaahen,Galio,Swain,Nami,Tryndamere,Hecarim,AurelionSol,Kaisa,Amumu,0
NA1_5506934836,16.5,Ryze,DrMundo,Leblanc,Lucian,Nami,Singed,RekSai,Xerath,Smolder,Seraphine,0
NA1_5509332529,16.5,Nasus,Lillia,Mel,Xayah,Nami,Volibear,Nunu,Yasuo,Smolder,Karma,1
NA1_5507464229,16.5,Mordekaiser,Zed,Sion,Smolder,Sona,Singed,Viego,Malphite,Yunara,Lulu,0
NA1_5506366880,16.5,Darius,MonkeyKing,Veigar,Ezreal,Karma,Rumble,Zaahen,Yone,Lucian,Nami,1
NA1_5508903893,16.5,Kayn,Zaahen,Ekko,Lucian,Morgana,Urgot,JarvanIV,Kassadin,Samira,Nautilus,1
NA1_5509722696,16.5,Riven,RekSai,Kassadin,Senna,Yuumi,Vex,Diana,Vayne,Caitlyn,Karma,1
NA1_5508406982,16.5,Udyr,Ekko,Viktor,Jinx,Nami,Zac,DrMundo,Cassiopeia,Vayne,Seraphine,0
NA1_5508751054,16.5,Aurora,Ambessa,Syndra,MissFortune,Rell,Graves,Aatrox,Diana,Smolder,Nami,1
NA1_5509139151,16.5,Irelia,Brand,Yasuo,Jhin,Nautilus,Shen,Shaco,Ekko,Samira,Pantheon,0
NA1_5509648515,16.5,Chogath,Graves,Viktor,Xayah,Thresh,Rumble,Jayce,Ahri,Kaisa,Taric,1
NA1_5505988060,16.5,Darius,Nunu,Akali,Kaisa,Braum,Jax,Skarner,Ahri,Vladimir,Pyke,0
NA1_5509985057,16.5,KSante,Briar,Qiyana,Jinx,Hwei,Urgot,Shen,Anivia,Caitlyn,Bard,1
NA1_5507000614,16.5,Mordekaiser,LeeSin,Ahri,Twitch,Lulu,TahmKench,Naafiri,Sylas,Jinx,Nami,0
NA1_5511165779,16.5,Garen,Zaahen,Ahri,Jinx,Thresh,Vayne,Hecarim,Rumble,Kaisa,Pantheon,0
NA1_5509339403,16.5,Ambessa,XinZhao,Vex,Irelia,Yuumi,Olaf,Sejuani,Qiyana,Ezreal,Lux,1
NA1_5507523256,16.5,DrMundo,MonkeyKing,Zed,Malzahar,Karma,Kayle,Graves,Fizz,Brand,Senna,0
NA1_5510177772,16.5,Rumble,Vi,Chogath,Xayah,Alistar,Shen,Shaco,Ryze,Aphelios,Bard,1
NA1_5510939131,16.5,Chogath,Kayn,Anivia,MissFortune,Rell,Poppy,Nidalee,Fizz,Jhin,Morgana,1
NA1_5508201305,16.5,Olaf,Lillia,Cassiopeia,Senna,Nami,Yasuo,RekSai,Aurora,Corki,Elise,1
NA1_5509028892,16.5,Malphite,Jayce,Mel,Sivir,Lulu,Teemo,Belveth,Sylas,Smolder,Yuumi,1
NA1_5511007759,16.5,Rumble,Ivern,Zed,Aphelios,Braum,Sion,Nocturne,Seraphine,Corki,Nami,1
NA1_5510008253,16.5,Malphite,Hecarim,Akali,Kaisa,Nami,Riven,Ambessa,Kennen,Xayah,Nautilus,0
NA1_5506747369,16.5,Jayce,Sylas,Fizz,Jinx,Pyke,Nasus,XinZhao,Veigar,Smolder,Taric,0
NA1_5509264278,16.5,Galio,Kayn,AurelionSol,Kaisa,Nami,Yasuo,Amumu,Sylas,Ezreal,Karma,1
NA1_5511328229,16.5,Gwen,LeeSin,Ekko,Lucian,Milio,Shen,Graves,Sylas,Ashe,Poppy,1
NA1_5507676683,16.5,Shen,LeeSin,Rumble,Yunara,Lulu,Vayne,Graves,Syndra,Smolder,Seraphine,0
NA1_5506148536,16.5,Aatrox,Ambessa,Jayce,Ziggs,Rakan,Vladimir,Belveth,Fizz,Caitlyn,Anivia,0
NA1_5506198279,16.5,Nasus,Viego,Kayle,Yunara,Thresh,Vayne,Rengar,Sylas,Smolder,Xerath,0
NA1_5509276272,16.5,Renekton,Fizz,Akali,MissFortune,Nautilus,Sion,Riven,Zoe,Aphelios,Milio,1
NA1_5507038455,16.5,Rumble,Zac,Orianna,Jinx,Zilean,Tryndamere,Hecarim,Syndra,Jhin,Lulu,0
NA1_5509029782,16.5,Irelia,LeeSin,Malzahar,Yunara,Pyke,Urgot,Belveth,Lux,Samira,Elise,0
NA1_5507012409,16.5,Lucian,Lillia,Kayle,Ezreal,Braum,Vayne,Karthus,Chogath,Kaisa,Blitzcrank,1
NA1_5509944139,16.5,Sion,DrMundo,Azir,Xayah,Senna,Volibear,Zac,Corki,Brand,Nautilus,0
NA1_5508773094,16.5,KSante,Taliyah,Diana,Samira,Nautilus,Rumble,LeeSin,Zed,Senna,Alistar,1
NA1_5509740755,16.5,Garen,Nocturne,Kassadin,Zeri,Yuumi,Gnar,Udyr,Ahri,Kaisa,Milio,0
NA1_5505812879,16.5,Renekton,Graves,Yasuo,KogMaw,Milio,Warwick,LeeSin,Ekko,Samira,Nautilus,1
NA1_5506678727,16.5,Fiora,Graves,Ekko,Samira,Nautilus,Jax,XinZhao,Fizz,Aphelios,Karma,0
NA1_5510003761,16.5,Cassiopeia,Ambessa,Talon,AurelionSol,Poppy,Neeko,Graves,Ryze,Ezreal,Karma,1
NA1_5510000458,16.5,Cassiopeia,Amumu,AurelionSol,Caitlyn,TahmKench,Gragas,Sejuani,Irelia,Smolder,Nami,0
NA1_5506794596,16.5,Riven,Karthus,Vladimir,Ezreal,Janna,Zaahen,Khazix,Syndra,MissFortune,Thresh,1
NA1_5506048771,16.5,Gragas,Viego,Ahri,Yunara,Maokai,Sion,Sylas,Mel,Aphelios,Braum,0
NA1_5506769684,16.5,Chogath,Briar,Kennen,Ezreal,Karma,Gwen,Morgana,Fizz,Draven,Janna,0
NA1_5508733359,16.5,Garen,Nocturne,Katarina,Caitlyn,Senna,Ornn,Aatrox,Ahri,Lucian,Yuumi,0
NA1_5511284923,16.5,Darius,Udyr,Orianna,Mel,Brand,Nasus,Zac,Akali,Ashe,Seraphine,0
NA1_5505583397,16.5,Aatrox,XinZhao,Akali,Ezreal,Karma,Kayle,Zaahen,Hwei,Samira,Pyke,0
NA1_5507427124,16.5,Jayce,Viego,Azir,Aphelios,Maokai,Nasus,Aatrox,AurelionSol,Kaisa,Lulu,1
NA1_5510437101,16.5,Akali,Zac,Anivia,Sivir,Sona,Jayce,Khazix,Viktor,Lucian,Milio,0
NA1_5510894974,16.5,Garen,LeeSin,Ahri,Ashe,Rell,Pantheon,Udyr,Yone,Zeri,Velkoz,0
NA1_5510132852,16.5,Azir,Vi,Zoe,Twitch,Lulu,Ornn,Ekko,Aurora,Smolder,Renata,1
NA1_5509685664,16.5,Jax,LeeSin,Diana,Smolder,Blitzcrank,Sejuani,Zed,Swain,Senna,Karma,0
NA1_5506619222,16.5,Camille,RekSai,Katarina,Twitch,Karma,LeeSin,MonkeyKing,Kassadin,Smolder,Thresh,0
NA1_5509047511,16.5,KSante,Neeko,Yasuo,Caitlyn,Taric,Ornn,XinZhao,Malzahar,Jinx,Zilean,0
NA1_5511015396,16.5,AurelionSol,JarvanIV,Zoe,Kaisa,Leona,Camille,Ezreal,Kayle,Corki,Nami,0
NA1_5510608830,16.5,Yone,Talon,Annie,Vladimir,Xerath,Zed,Volibear,Taliyah,Draven,Blitzcrank,0
NA1_5509343500,16.5,Garen,Shaco,Vladimir,Lucian,Nami,Shen,MonkeyKing,Yasuo,Ashe,Seraphine,0
NA1_5508436135,16.5,Morgana,LeeSin,Viktor,Samira,Nautilus,Riven,Talon,Kayle,Caitlyn,Lux,0
NA1_5505982108,16.5,Gwen,Kayn,TwistedFate,Lucian,Yuumi,Swain,Udyr,Aurora,Yunara,Lulu,0
NA1_5511354842,16.5,Anivia,Graves,Syndra,Yasuo,Bard,Quinn,Volibear,Hwei,Jinx,TahmKench,0
NA1_5510633503,16.5,Irelia,DrMundo,Taliyah,Hwei,Senna,Riven,Graves,Viktor,Vladimir,Nautilus,0
NA1_5510718599,16.5,Darius,Lillia,Neeko,Yorick,Senna,Jayce,Ambessa,Akali,Jhin,Nautilus,0
NA1_5508651076,16.5,Camille,Rengar,Xerath,Vayne,Leona,Sett,JarvanIV,Leblanc,Seraphine,Neeko,1
NA1_5510943984,16.5,Camille,Ekko,Anivia,Zeri,Zilean,Singed,Nidalee,AurelionSol,Xayah,Blitzcrank,0
NA1_5510699834,16.5,Gangplank,Nocturne,Ryze,Caitlyn,Nautilus,Riven,Udyr,Akali,MissFortune,Karma,1
NA1_5510271058,16.5,Garen,LeeSin,Kassadin,Samira,Yuumi,Teemo,Zaahen,Galio,Yunara,Lulu,0
NA1_5509152484,16.5,Sion,Kayn,Kennen,Ezreal,Nami,Zaahen,MasterYi,Fizz,Jinx,Zac,0
NA1_5509288764,16.5,Volibear,Briar,KogMaw,Samira,Brand,Yone,Viego,Zoe,Jinx,Morgana,0
NA1_5506534239,16.5,Malphite,Rengar,Katarina,Corki,Nami,MasterYi,Khazix,Ryze,MissFortune,Velkoz,0
NA1_5511032866,16.5,DrMundo,RekSai,Fizz,Ashe,Karma,Warwick,Brand,Anivia,Yunara,Nami,0
NA1_5509432102,16.5,Chogath,Shaco,Katarina,Smolder,Nami,Zac,Ambessa,Akshan,TwistedFate,Amumu,0
NA1_5509173252,16.5,Jayce,MonkeyKing,Yasuo,Twitch,Zac,Malphite,Viego,Ahri,Ezreal,Soraka,0
NA1_5509203032,16.5,Rumble,Warwick,Akali,Yasuo,Senna,Ryze,LeeSin,Qiyana,Jinx,Nami,1
NA1_5506215753,16.5,Sion,Kayn,Lissandra,Smolder,Bard,Zaahen,Hecarim,Malzahar,Brand,Nami,1
NA1_5511092088,16.5,Illaoi,Taliyah,Chogath,Ezreal,Blitzcrank,Riven,Zac,Ahri,Lucian,Nami,0
NA1_5510452661,16.5,Gragas,Ivern,Akshan,Kaisa,Thresh,Irelia,Ekko,AurelionSol,Twitch,Milio,0
NA1_5511225568,16.5,Camille,Zaahen,Malzahar,Smolder,Nasus,Jax,Evelynn,Fizz,Xayah,Pantheon,1
NA1_5511002448,16.5,DrMundo,Hecarim,Yasuo,Ezreal,Milio,Jayce,Belveth,Sylas,Kaisa,Zilean,1
NA1_5509719452,16.5,Gnar,MasterYi,Ahri,Veigar,Lulu,Warwick,LeeSin,Ekko,Lucian,Nami,1
NA1_5509961612,16.5,Quinn,Nocturne,Aurora,Brand,Lux,Renekton,Khazix,Fizz,Lucian,Nami,1
NA1_5507695179,16.5,Briar,Graves,Yasuo,Veigar,Pyke,Fiora,Sejuani,Ryze,Yunara,Rakan,1
NA1_5509763742,16.5,Kayle,RekSai,Pantheon,Kaisa,Alistar,Neeko,Nocturne,Zed,Jinx,Blitzcrank,0
NA1_5509038474,16.5,Cassiopeia,Khazix,Mel,Lucian,Senna,Chogath,Rengar,Pantheon,Aphelios,Lulu,0
NA1_5506732791,16.5,Urgot,Briar,Sylas,Aphelios,Lulu,Yorick,Zyra,Yone,Ashe,Seraphine,1
NA1_5508153863,16.5,Briar,Graves,Ahri,Tristana,Pyke,Renekton,Nidalee,Taliyah,Smolder,Annie,0
NA1_5510000913,16.5,Ambessa,Amumu,Qiyana,Mel,Sylas,Yasuo,LeeSin,Brand,Veigar,Zyra,1
NA1_5510041284,16.5,Gnar,Belveth,Sylas,Lux,Sona,Heimerdinger,Hecarim,Ryze,Brand,Nami,0
NA1_5509040428,16.5,Irelia,Diana,Qiyana,Kaisa,Nautilus,Yone,XinZhao,Anivia,Hwei,Karma,0
NA1_5510460689,16.5,Graves,JarvanIV,Viktor,Jhin,Bard,Rumble,Viego,Tristana,Jinx,Thresh,1
NA1_5507511137,16.5,Olaf,MonkeyKing,Sion,Smolder,Rammus,Urgot,Twitch,Swain,Yunara,Rakan,1
NA1_5509228303,16.5,Aurora,Sejuani,Malphite,Jinx,Rakan,Kled,MasterYi,Ahri,Samira,Milio,0
NA1_5510975635,16.5,Nasus,Brand,Vex,Jinx,Senna,Rumble,Viego,Leblanc,Smolder,Nami,1
NA1_5505620841,16.5,Sion,Viego,Malphite,Jinx,Sylas,Yone,Karthus,Garen,Samira,Nautilus,0
NA1_5509728924,16.5,Garen,Rengar,Sylas,Jinx,Lulu,Kayle,LeeSin,Irelia,Twitch,Pyke,0
NA1_5509800382,16.5,Gnar,Nocturne,Mel,Vladimir,Senna,Renekton,Ambessa,Zyra,Vayne,Alistar,0
NA1_5510638947,16.5,Ambessa,Briar,Viktor,Caitlyn,Karma,Gnar,Graves,Fizz,Mel,Bard,1
NA1_5508640293,16.5,Mordekaiser,Aatrox,Swain,Corki,Alistar,Zaahen,Ivern,Xerath,Smolder,Janna,1
NA1_5509809189,16.5,Malphite,Sylas,Fizz,Ashe,Braum,Trundle,Zac,Mel,Vayne,Nautilus,1
NA1_5505615822,16.5,Nasus,RekSai,Aurora,Jinx,Rakan,TahmKench,XinZhao,KogMaw,Kaisa,Pyke,1
NA1_5510475779,16.5,Vayne,Talon,Malphite,Aphelios,Rakan,Yasuo,Kayn,Sylas,Ezreal,Soraka,0
NA1_5511026259,16.5,Aatrox,JarvanIV,Hwei,Corki,Alistar,Akali,Hecarim,Brand,Jhin,Annie,1
NA1_5510472578,16.5,Nasus,Briar,Tryndamere,Jinx,Karma,Trundle,Sylas,Cassiopeia,Ashe,Seraphine,1
NA1_5508180792,16.5,Corki,RekSai,Xerath,Varus,Karma,Malphite,Aatrox,Aurora,Aphelios,Thresh,1
NA1_5511067186,16.5,Aatrox,MasterYi,Mel,Corki,Alistar,Shen,Ivern,Syndra,Twitch,Lulu,1
NA1_5507050690,16.5,Olaf,Kayn,Kayle,Smolder,Pyke,Ornn,Zed,Chogath,Lucian,Nami,1
NA1_5508784536,16.5,Jax,Kayn,Aurora,Ezreal,TahmKench,Shen,Shaco,Zilean,Jinx,Pyke,0
NA1_5507037201,16.5,Mordekaiser,JarvanIV,Sett,Jinx,Thresh,Renekton,Zaahen,Velkoz,Yunara,Lulu,1
NA1_5506145866,16.5,Irelia,Graves,Annie,Jinx,Rakan,Vladimir,Aatrox,Yone,Ezreal,Sona,0
NA1_5505954678,16.5,Gangplank,JarvanIV,Velkoz,Vayne,Bard,Malphite,Viego,Sylas,Ashe,Seraphine,0
NA1_5507058265,16.5,Smolder,Graves,Lissandra,Corki,Bard,Varus,JarvanIV,Zed,Seraphine,FiddleSticks,1
NA1_5510094097,16.5,Gragas,Warwick,Xerath,Aphelios,Pantheon,Kayle,XinZhao,Yone,Vladimir,Nami,0
NA1_5509698915,16.5,Riven,Teemo,Akali,Twitch,Rakan,Sion,Ekko,Qiyana,Kaisa,Senna,0
NA1_5509640810,16.5,Fizz,MasterYi,Talon,Ezreal,Zac,Mordekaiser,RekSai,Qiyana,Lucian,Milio,0
NA1_5511353313,16.5,Mordekaiser,MasterYi,Sylas,Draven,Janna,Urgot,Zaahen,Ryze,Caitlyn,Karma,0
NA1_5510729446,16.5,Poppy,Sylas,Akshan,Lucian,Zilean,Riven,Zaahen,Jayce,Zoe,Nami,0
NA1_5510793847,16.5,Aatrox,LeeSin,Viktor,Vladimir,Karma,Ambessa,Elise,Qiyana,Corki,Sona,0
